/*Data for the table `permission_role` */

insert  into `permission_role`(`permission_id`,`role_id`) values
(1,1),
(2,1),
(3,1),
(4,1),
(5,1),
(6,1),
(7,1),
(8,1),
(9,1),
(10,1),
(11,1),
(12,1),
(13,1),
(14,1),
(15,1),
(16,1),
(17,1),
(18,1),
(19,1),
(20,1),
(21,1),
(22,1),
(23,1),
(24,1),
(25,1),
(26,1),
(27,1),
(1,2),
(2,2),
(3,2),
(4,2),
(5,2),
(6,2),
(7,2),
(8,2),
(9,2),
(10,2),
(11,2),
(12,2),
(13,2),
(14,2),
(15,2),
(16,2),
(17,2),
(18,2),
(21,2),
(22,2),
(24,2),
(25,2),
(26,2),
(27,2),
(1,3),
(2,3),
(3,3),
(4,3),
(5,3),
(6,3),
(7,3),
(8,3),
(9,3),
(10,3),
(11,3),
(12,3),
(13,3),
(14,3),
(15,3),
(16,3),
(17,3),
(18,3),
(21,3),
(22,3),
(24,3),
(25,3),
(26,3),
(27,3);

/*Data for the table `permission_user` */

/*Data for the table `permissions` */

insert  into `permissions`(`id`,`name`,`display_name`,`description`,`created_at`,`updated_at`) values
(1,'projects.index','Index Projects','Index Projects','2017-03-01 13:35:14','2017-03-01 13:35:14'),
(2,'projects.store','Store Projects','Store Projects','2017-03-01 13:35:14','2017-03-01 13:35:14'),
(3,'projects.show','Show Projects','Show Projects','2017-03-01 13:35:14','2017-03-01 13:35:14'),
(4,'projects.update','Update Projects','Update Projects','2017-03-01 13:35:14','2017-03-01 13:35:14'),
(5,'projects.destroy','Destroy Projects','Destroy Projects','2017-03-01 13:35:14','2017-03-01 13:35:14'),
(6,'projects.owner.show','Show Projects Owner','Show Projects Owner','2017-03-01 13:35:15','2017-03-01 13:35:15'),
(7,'projects.relationship.owner.show','Show Projects Relationship Owner','Show Projects Relationship Owner','2017-03-01 13:35:15','2017-03-01 13:35:15'),
(8,'projects.tasks.index','Index Projects Tasks','Index Projects Tasks','2017-03-01 13:35:15','2017-03-01 13:35:15'),
(9,'projects.relationship.tasks.index','Index Projects Relationship Tasks','Index Projects Relationship Tasks','2017-03-01 13:35:15','2017-03-01 13:35:15'),
(10,'tasks.index','Index Tasks','Index Tasks','2017-03-01 13:35:15','2017-03-01 13:35:15'),
(11,'tasks.store','Store Tasks','Store Tasks','2017-03-01 13:35:15','2017-03-01 13:35:15'),
(12,'tasks.show','Show Tasks','Show Tasks','2017-03-01 13:35:15','2017-03-01 13:35:15'),
(13,'tasks.update','Update Tasks','Update Tasks','2017-03-01 13:35:15','2017-03-01 13:35:15'),
(14,'tasks.destroy','Destroy Tasks','Destroy Tasks','2017-03-01 13:35:15','2017-03-01 13:35:15'),
(15,'tasks.owner.show','Show Tasks Owner','Show Tasks Owner','2017-03-01 13:35:15','2017-03-01 13:35:15'),
(16,'tasks.relationship.owner.show','Show Tasks Relationship Owner','Show Tasks Relationship Owner','2017-03-01 13:35:15','2017-03-01 13:35:15'),
(17,'tasks.project.show','Show Tasks Project','Show Tasks Project','2017-03-01 13:35:15','2017-03-01 13:35:15'),
(18,'tasks.relationship.project.show','Show Tasks Relationship Project','Show Tasks Relationship Project','2017-03-01 13:35:15','2017-03-01 13:35:15'),
(19,'users.index','Index Users','Index Users','2017-03-01 13:35:15','2017-03-01 13:35:15'),
(20,'users.store','Store Users','Store Users','2017-03-01 13:35:15','2017-03-01 13:35:15'),
(21,'users.show','Show Users','Show Users','2017-03-01 13:35:15','2017-03-01 13:35:15'),
(22,'users.update','Update Users','Update Users','2017-03-01 13:35:15','2017-03-01 13:35:15'),
(23,'users.destroy','Destroy Users','Destroy Users','2017-03-01 13:35:15','2017-03-01 13:35:15'),
(24,'users.projects.index','Index Users Projects','Index Users Projects','2017-03-01 13:35:15','2017-03-01 13:35:15'),
(25,'users.relationship.projects.index','Index Users Relationship Projects','Index Users Relationship Projects','2017-03-01 13:35:15','2017-03-01 13:35:15'),
(26,'users.tasks.index','Index Users Tasks','Index Users Tasks','2017-03-01 13:35:15','2017-03-01 13:35:15'),
(27,'users.relationship.tasks.index','Index Users Relationship Tasks','Index Users Relationship Tasks','2017-03-01 13:35:15','2017-03-01 13:35:15');

/*Data for the table `projects` */

insert  into `projects`(`id`,`user_id`,`name`,`status`,`created_at`,`updated_at`) values
(1,1,'eum quis aut',3,'2017-03-01 13:35:17','2017-03-01 13:35:17'),
(2,1,'officiis voluptatum exercitationem',3,'2017-03-01 13:35:17','2017-03-01 13:35:17'),
(3,1,'aspernatur ut eum',2,'2017-03-01 13:35:17','2017-03-01 13:35:17'),
(4,2,'aut ducimus blanditiis',3,'2017-03-01 13:35:17','2017-03-01 13:35:17'),
(5,2,'rerum quia dolorem',3,'2017-03-01 13:35:17','2017-03-01 13:35:17'),
(6,2,'autem quidem molestiae',3,'2017-03-01 13:35:17','2017-03-01 13:35:17'),
(7,3,'qui voluptate eos',1,'2017-03-01 13:35:17','2017-03-01 13:35:17'),
(8,3,'amet facilis necessitatibus',2,'2017-03-01 13:35:17','2017-03-01 13:35:17'),
(9,3,'minima enim quis',2,'2017-03-01 13:35:17','2017-03-01 13:35:17'),
(10,4,'et vitae expedita',1,'2017-03-01 13:35:17','2017-03-01 13:35:17'),
(11,4,'hic amet consequuntur',3,'2017-03-01 13:35:17','2017-03-01 13:35:17'),
(12,5,'laudantium et nesciunt',3,'2017-03-01 13:35:17','2017-03-01 13:35:17'),
(13,6,'quaerat eum vitae',1,'2017-03-01 13:35:17','2017-03-01 13:35:17'),
(14,6,'magnam similique quidem',2,'2017-03-01 13:35:17','2017-03-01 13:35:17'),
(15,6,'ipsum enim iusto',1,'2017-03-01 13:35:17','2017-03-01 13:35:17'),
(16,7,'rerum ut est',2,'2017-03-01 13:35:17','2017-03-01 13:35:17'),
(17,7,'ullam aperiam iure',1,'2017-03-01 13:35:17','2017-03-01 13:35:17'),
(18,8,'qui similique excepturi',3,'2017-03-01 13:35:17','2017-03-01 13:35:17'),
(19,8,'incidunt ducimus nihil',3,'2017-03-01 13:35:17','2017-03-01 13:35:17'),
(20,8,'omnis officiis qui',2,'2017-03-01 13:35:17','2017-03-01 13:35:17'),
(21,9,'doloribus quae nulla',2,'2017-03-01 13:35:17','2017-03-01 13:35:17'),
(22,10,'explicabo beatae eligendi',1,'2017-03-01 13:35:17','2017-03-01 13:35:17'),
(23,10,'necessitatibus non et',2,'2017-03-01 13:35:17','2017-03-01 13:35:17'),
(24,11,'nobis aspernatur deserunt',1,'2017-03-01 13:35:17','2017-03-01 13:35:17'),
(25,12,'culpa temporibus facilis',2,'2017-03-01 13:35:17','2017-03-01 13:35:17'),
(26,12,'quae earum repellendus',2,'2017-03-01 13:35:17','2017-03-01 13:35:17'),
(27,12,'modi non quam',2,'2017-03-01 13:35:17','2017-03-01 13:35:17'),
(28,13,'adipisci et est',1,'2017-03-01 13:35:17','2017-03-01 13:35:17'),
(29,14,'dolores et quia',3,'2017-03-01 13:35:17','2017-03-01 13:35:17'),
(30,14,'harum laborum architecto',3,'2017-03-01 13:35:17','2017-03-01 13:35:17'),
(31,14,'corrupti eos ex',3,'2017-03-01 13:35:17','2017-03-01 13:35:17'),
(32,15,'sapiente explicabo aspernatur',2,'2017-03-01 13:35:17','2017-03-01 13:35:17'),
(33,16,'sequi ab est',3,'2017-03-01 13:35:17','2017-03-01 13:35:17'),
(34,17,'placeat vel nam',2,'2017-03-01 13:35:17','2017-03-01 13:35:17'),
(35,17,'corrupti expedita et',3,'2017-03-01 13:35:17','2017-03-01 13:35:17'),
(36,17,'exercitationem aut odit',2,'2017-03-01 13:35:17','2017-03-01 13:35:17'),
(37,18,'doloribus a numquam',2,'2017-03-01 13:35:17','2017-03-01 13:35:17'),
(38,18,'voluptas ut in',1,'2017-03-01 13:35:17','2017-03-01 13:35:17'),
(39,18,'velit similique voluptatem',2,'2017-03-01 13:35:17','2017-03-01 13:35:17'),
(40,19,'molestias quia et',3,'2017-03-01 13:35:17','2017-03-01 13:35:17'),
(41,20,'aut dolor itaque',1,'2017-03-01 13:35:17','2017-03-01 13:35:17'),
(42,20,'numquam cupiditate deserunt',1,'2017-03-01 13:35:17','2017-03-01 13:35:17'),
(43,21,'ut consequatur perferendis',2,'2017-03-01 13:35:17','2017-03-01 13:35:17');

/*Data for the table `role_user` */

insert  into `role_user`(`user_id`,`role_id`,`user_type`) values
(1,1,'App\\Models\\User'),
(2,3,'App\\Models\\User'),
(3,3,'App\\Models\\User'),
(4,3,'App\\Models\\User'),
(5,3,'App\\Models\\User'),
(6,3,'App\\Models\\User'),
(7,3,'App\\Models\\User'),
(8,3,'App\\Models\\User'),
(9,3,'App\\Models\\User'),
(10,3,'App\\Models\\User'),
(11,3,'App\\Models\\User');

/*Data for the table `roles` */

insert  into `roles`(`id`,`name`,`display_name`,`description`,`created_at`,`updated_at`) values
(1,'administrator','Administrator','Administrator','2017-03-01 13:35:14','2017-03-01 13:35:14'),
(2,'demo','Demo','Demo','2017-03-01 13:35:15','2017-03-01 13:35:15'),
(3,'subscriber','Subscriber','Subscriber','2017-03-01 13:35:15','2017-03-01 13:35:15');
